COLM (NLP), "Mar 20 2025"
ACL (NLP), "Feb 15 2026"
NAACL (NLP), "Oct 15 2025"
COLING (NLP), "Sep 15 2025"
EMNLP (NLP), "May 19 2025"
EACL (NLP), "Oct 15 2025"
CVPR (CV), "Nov 7 2025"
ECCV (CV), "Mar 6 2026"
ICCV (CV), "Mar 7 2025"
WACV (CV), "Jul 15 2025"
ACCV (CV), "Feb 6 2025"
CoRL (R), "Apr 23 2025"
ICRA (R), "Sep 15 2025"
RSS (R), "Feb 6 2025"
IROS (R), "Feb 6 2025"
RLC (R), "Feb 6 2025"
ICML (ML), "Jan 30 2026"
NeurIPS (ML), "May 11 2025"
ICLR (ML), "Sep 27 2024"
AAAI (ML), "Aug 7 2025"
AISTATS (ML), "Oct 3 2025"
COLT (ML), "Feb 6 2025"
UAI (ML), "Feb 6 2025"
ACML (ML), "Feb 6 2025"
MLSYS (SYS), "Oct 31 2025"
SC (SYS), "Feb 6 2025"
ICOMP (SYS), "Feb 6 2025"
